{
  "requirements": [
    {
      "description": "1 - Adicone à sua lista o título \"Minha Lista de Tarefas\" em uma tag <header>",
      "bonus": false,
      "skill_ids":[
        "4efd8ab7-2c13-42cd-aad8-17aa0dce7c6d"
      ]
    },
    {
      "description": "2 - Adicione abaixo do título um pequeno e discreto parágrafo com id=\"funcionamento\" e com o texto \"Clique duas vezes em um item para marcá-lo como completo\"",
      "bonus": false,
      "skill_ids":[
        "45b8aa19-7458-439d-ac2e-12c7438b7c5a"
      ]
    },
    {
      "description": "3 - Adicione um input com o id=\"texto-tarefa\" onde o usuário poderá digitar o nome do item que deseja adicionar à lista",
      "bonus": false,
      "skill_ids":[
        "ab1155b6-a3b5-475e-beaf-4ce9179c8bcc",
        "45b8aa19-7458-439d-ac2e-12c7438b7c5a"
      ]
    },
    {
      "description": "4 - Adicione uma lista ordenada de tarefas com o id=\"lista-tarefas\"",
      "bonus": false,
      "skill_ids":[
        "ec7b19cd-fceb-4831-836c-29b95186b539",
        "45b8aa19-7458-439d-ac2e-12c7438b7c5a"
      ]
    },
    {
      "description": "5 - Adicione um botão com id=\"criar-tarefa\" e, ao clicar nesse botão, um novo item deverá ser criado ao final da lista e o texto do input deve ser limpo",
      "bonus": false,
      "skill_ids":[
        "485144f1-bb52-403f-b94d-d40eeaadb3f1",
        "af19cc34-291c-4eb9-84f3-be666cf270c2",
        "1036ad57-375f-4442-a16c-62689a9545a8",
        "45b8aa19-7458-439d-ac2e-12c7438b7c5a",
        "af62fce8-1899-44fc-bfc0-ab88b7c1f459",
        "1fda945a-b901-42dd-8697-ba74e12cbec0",
        "3188fe8a-e359-4666-8ad5-bf8bcb4d9a7b"
      ]
    },
    {
      "description": "6 - Ordene os itens da lista de tarefas por ordem de criação",
      "bonus": false,
      "skill_ids":[
        "3188fe8a-e359-4666-8ad5-bf8bcb4d9a7b",
        "1fda945a-b901-42dd-8697-ba74e12cbec0",
        "1036ad57-375f-4442-a16c-62689a9545a8",
        "af62fce8-1899-44fc-bfc0-ab88b7c1f459"
      ]
    },
    {
      "description": "7 - Clicar em um item da lista deve alterar a cor de fundo do item para cinza rgb(128,128,128)",
      "bonus": false,
      "skill_ids":[
        "af62fce8-1899-44fc-bfc0-ab88b7c1f459",
        "0529f8a0-d2f1-451e-b620-6ad83d1f848f",
        "34072452-1a74-4dd2-b4b3-23e7e322b0cc"
      ]
    },
    {
      "description": "8 - Não deve ser possível selecionar mais de um elemento da lista ao mesmo tempo",
      "bonus": false,
      "skill_ids":[
        "af62fce8-1899-44fc-bfc0-ab88b7c1f459",
        "c0c3f531-17db-4fb1-9d09-50f2e0c3a80c" 
      ]
    },
    {
      "description": "9 - Clicar duas vezes em um item, faz com que ele seja riscado, indicando que foi completo. Deve ser possível desfazer essa ação clicando novamente duas vezes no item",
      "bonus": false,
      "skill_ids":[
        "af62fce8-1899-44fc-bfc0-ab88b7c1f459",
        "e3bab9db-81a6-46e3-8d4e-c5d085d73511",
        "0529f8a0-d2f1-451e-b620-6ad83d1f848f"
      ]
    },
    {
      "description": "10 - Adicione um botão com id=\"apaga-tudo\" que quando clicado deve apagar todos os itens da lista",
      "bonus": false,
      "skill_ids":[
        "af19cc34-291c-4eb9-84f3-be666cf270c2",
        "45b8aa19-7458-439d-ac2e-12c7438b7c5a",
        "af62fce8-1899-44fc-bfc0-ab88b7c1f459"
      ]
    },
    {
      "description": "11 - Adicione um botão com id=\"remover-finalizados\" que quando clicado remove **somente** os elementos finalizados da sua lista",
      "bonus": false,
      "skill_ids":[
        "af19cc34-291c-4eb9-84f3-be666cf270c2",
        "45b8aa19-7458-439d-ac2e-12c7438b7c5a",
        "15f35857-979b-49b6-a145-039db872a3a0",
        "1fb4e5cd-fab5-46e6-b4d6-19576551bc78"
      ]
    },
    {
      "description": "12 - Adicione um botão com id=\"salvar-tarefas\" que salve o conteúdo da lista. Se você fechar e reabrir a página, a lista deve continuar no estado em que estava",
      "bonus": true,
      "skill_ids":[
        "af19cc34-291c-4eb9-84f3-be666cf270c2",
        "45b8aa19-7458-439d-ac2e-12c7438b7c5a",
        "af62fce8-1899-44fc-bfc0-ab88b7c1f459",
        "1a93485c-710a-4708-8e6a-a7428c00f1cd",
        "7ff2c260-89c2-4802-9797-ec1b0645d93e"
      ]
    },
    {
      "description": "13 - Adicione dois botões, um com id=\"mover-cima\" e outro com id=\"mover-baixo\", que permitam mover o item selecionado para cima ou para baixo na lista de tarefas",
      "bonus": true,
      "skill_ids":[
        "af19cc34-291c-4eb9-84f3-be666cf270c2",
        "45b8aa19-7458-439d-ac2e-12c7438b7c5a",
        "af62fce8-1899-44fc-bfc0-ab88b7c1f459",
        "7028f1a9-c970-420a-a834-3d6f03efb831",
        "bff16b24-99cf-4be9-884f-c3f1940abfb7"
      ]
    },
    {
      "description": "14 - Adicione um botão com id=\"remover-selecionado\" que, quando clicado, remove o item selecionado",
      "bonus": true,
      "skill_ids":[
        "af19cc34-291c-4eb9-84f3-be666cf270c2",
        "45b8aa19-7458-439d-ac2e-12c7438b7c5a",
        "af62fce8-1899-44fc-bfc0-ab88b7c1f459",
        "15f35857-979b-49b6-a145-039db872a3a0"
      ]
    }
  ]
}
